"chr","meanHet","SDhet"
"chr1",0.00682601384113974,0.00155197123514703
"chr2",0.00647244809543091,0.00153424144810027
"chr3",0.00581643299074498,0.0016099307690865
"chr4",0.00715221535110949,0.00191640977076064
"chr5",0.00747452405546336,0.00206423175958522
"chr6",0.00814025699313074,0.00323757612057749
"chr7",0.00661688290165193,0.00205924331996334
"chrR",0.00571877270034322,0.00152700923059076
